<?xml version="1.0" encoding="UTF-8"?>
<project-private xmlns="http://www.netbeans.org/ns/project-private/1">
    <editor-bookmarks xmlns="http://www.netbeans.org/ns/editor-bookmarks/2" lastBookmarkId="0"/>
    <open-files xmlns="http://www.netbeans.org/ns/projectui-open-files/2">
        <group>
            <file>file:/D:/DATA/Desktop/Semestre2019-1/Bases%20de%20Datos/Proyecto/Palacasa/Palacasa/src/palacasa/ProductoInformacion.java</file>
            <file>file:/D:/DATA/Desktop/Semestre2019-1/Bases%20de%20Datos/Proyecto/Palacasa/Palacasa/src/palacasa/Productos.java</file>
            <file>file:/D:/DATA/Desktop/Semestre2019-1/Bases%20de%20Datos/Proyecto/Palacasa/Palacasa/src/palacasa/Acciones.java</file>
        </group>
    </open-files>
</project-private>
